{"cameraMode":{"drawMode":0,"name":"Shaded","section":"Shading Mode"},"sceneLighting":false,"audioPlay":false,"sceneViewState":{"m_AlwaysRefresh":false,"showFog":true,"showSkybox":false,"showFlares":true,"showImageEffects":true,"showParticleSystems":true,"showVisualEffectGraphs":true,"m_FxEnabled":true},"in2DMode":false,"pivot":{"x":543.2999877929688,"y":11.79178237915039,"z":425.47198486328127},"rotation":{"x":0.00569934630766511,"y":-0.9936615228652954,"z":0.09549418091773987,"w":0.059299543499946597},"size":1.5367192029953004,"orthographic":false}