{"cameraMode":{"drawMode":0,"name":"Shaded","section":"Shading Mode"},"sceneLighting":false,"audioPlay":false,"sceneViewState":{"m_AlwaysRefresh":false,"showFog":true,"showSkybox":false,"showFlares":true,"showImageEffects":true,"showParticleSystems":true,"showVisualEffectGraphs":true,"m_FxEnabled":true},"in2DMode":false,"pivot":{"x":1.7969406843185425,"y":0.7468166947364807,"z":0.32004594802856448},"rotation":{"x":-0.07629462331533432,"y":-0.8938313126564026,"z":0.1666347086429596,"w":-0.4092741012573242},"size":1.6005197763442994,"orthographic":false}