{"cameraMode":{"drawMode":0,"name":"Shaded","section":"Shading Mode"},"sceneLighting":false,"audioPlay":false,"sceneViewState":{"m_AlwaysRefresh":false,"showFog":true,"showSkybox":false,"showFlares":true,"showImageEffects":true,"showParticleSystems":true,"showVisualEffectGraphs":true,"m_FxEnabled":true},"in2DMode":false,"pivot":{"x":10.157943725585938,"y":-1.2906800508499146,"z":53.664337158203128},"rotation":{"x":0.22272634506225587,"y":-0.07680776715278626,"z":0.017575642094016076,"w":0.9717458486557007},"size":3.0197410583496095,"orthographic":false}