{"cameraMode":{"drawMode":0,"name":"Shaded","section":"Shading Mode"},"sceneLighting":false,"audioPlay":false,"sceneViewState":{"m_AlwaysRefresh":false,"showFog":true,"showSkybox":false,"showFlares":true,"showImageEffects":true,"showParticleSystems":true,"showVisualEffectGraphs":true,"m_FxEnabled":true},"in2DMode":false,"pivot":{"x":-0.3419262170791626,"y":0.1122795045375824,"z":0.3764205574989319},"rotation":{"x":-0.09087061882019043,"y":0.8161752820014954,"z":-0.13363295793533326,"w":-0.5548028349876404},"size":0.5049753785133362,"orthographic":false}